post_id,platform,timestamp,text,likes,comments,shares,impressions,clicks,followers
POST_00001,linkedin,2024-03-17 09:01:00,5 tips to improve your social media strategy today. #DataScience #MachineLearning,115,12,9,9522,56,39698
POST_00002,facebook,2024-03-17 12:45:00,Why social media is transforming the industry in 2024. #Tech #StartupLife #AI,330,34,39,11228,96,46753
POST_00003,linkedin,2024-03-17 18:06:00,5 tips to improve your growth hacking strategy today. #StartupLife #AI #SocialMedia #Tech,67,13,9,2205,38,25807
POST_00004,twitter,2024-03-17 12:45:00,Our team just launched a new AI tool — check it out! #Python #StartupLife #MachineLearning #ContentMarketing,70,18,2,1684,29,7619
POST_00005,twitter,2024-03-17 14:44:00,Big news: we've crossed 10k users with our content marketing platform. #Python #DataScience #SocialMedia #Tech,391,51,46,15445,107,42943
POST_00006,linkedin,2024-03-17 08:51:00,Our team just launched a new machine learning tool — check it out! #MachineLearning #Python #GrowthHacking,868,182,33,12072,119,43954
POST_00007,linkedin,2024-03-17 20:34:00,Lessons learned from 1 year of machine learning. #ContentMarketing #GrowthHacking #Python #MachineLearning,190,16,7,2713,78,6957
POST_00008,facebook,2024-03-17 09:24:00,5 tips to improve your brand storytelling strategy today. #StartupLife #Productivity #AI #GrowthHacking,1280,309,82,20469,312,45676
POST_00009,linkedin,2024-03-16 19:00:00,How we grew 3x using content marketing techniques. #MachineLearning #StartupLife #Python #Tech,218,39,4,3391,55,11587
POST_00010,linkedin,2024-03-16 08:07:00,5 tips to improve your product development strategy today. #AI #Python,168,49,14,2508,23,6613
POST_00011,instagram,2024-03-16 19:35:00,Our team just launched a new product development tool — check it out! #Tech #ContentMarketing #Python #StartupLife,723,153,55,9080,209,47723
POST_00012,instagram,2024-03-16 09:15:00,Our team just launched a new data science tool — check it out! #AI #Productivity #Python,6,0,0,120,4,1471
POST_00013,linkedin,2024-03-15 20:15:00,Lessons learned from 1 year of brand storytelling. #Productivity #DataScience,453,44,14,6822,137,16925
POST_00014,facebook,2024-03-15 18:26:00,How we grew 3x using AI techniques. #MachineLearning #AI #ContentMarketing #GrowthHacking,30,4,2,1321,19,8161
POST_00015,twitter,2024-03-15 12:55:00,Our team just launched a new brand storytelling tool — check it out! #MachineLearning #AI #Productivity #SocialMedia,121,32,16,2771,29,11899
POST_00016,facebook,2024-03-14 18:16:00,Our team just launched a new product development tool — check it out! #Productivity #SocialMedia #DataScience,42,9,1,3025,48,20445
POST_00017,facebook,2024-03-14 08:37:00,Why content marketing is transforming the industry in 2024. #Productivity #MachineLearning,99,10,3,1744,63,5490
POST_00018,twitter,2024-03-14 12:37:00,Big news: we've crossed 10k users with our data science platform. #Tech #Productivity #GrowthHacking,161,18,5,5054,139,14386
POST_00019,twitter,2024-03-13 17:59:00,Our team just launched a new AI tool — check it out! #Tech #MachineLearning #Productivity,435,117,58,5783,103,34153
POST_00020,linkedin,2024-03-13 10:28:00,Big news: we've crossed 10k users with our AI platform. #Productivity #StartupLife #MachineLearning #SocialMedia,238,21,13,3856,47,8564
POST_00021,linkedin,2024-03-13 17:13:00,Big news: we've crossed 10k users with our brand storytelling platform. #AI #MachineLearning #ContentMarketing,12,2,0,200,6,3889
POST_00022,facebook,2024-03-13 20:45:00,Excited to share our latest work on AI! #MachineLearning #DataScience #innovation,160,13,9,7864,286,25196
POST_00023,linkedin,2024-03-13 08:57:00,Thread: everything you need to know about social media in 2024. #Python #MachineLearning #GrowthHacking #ContentMarketing,1207,131,49,16139,532,41675
POST_00024,facebook,2024-03-13 10:56:00,Our team just launched a new AI tool — check it out! #GrowthHacking #ContentMarketing,132,19,3,2248,48,18485
POST_00025,linkedin,2024-03-12 19:22:00,Thread: everything you need to know about social media in 2024. #AI #Python,58,14,3,3947,90,22512
POST_00026,twitter,2024-03-12 20:21:00,5 tips to improve your data science strategy today. #DataScience #StartupLife #AI,600,77,59,9845,225,40096
POST_00027,instagram,2024-03-12 18:57:00,Our team just launched a new product development tool — check it out! #ContentMarketing #AI,463,129,46,6070,171,24869
POST_00028,linkedin,2024-03-12 09:46:00,Big news: we've crossed 10k users with our product development platform. #ContentMarketing #GrowthHacking #Tech #Productivity,157,44,16,4005,146,37333
POST_00029,twitter,2024-03-11 14:25:00,Lessons learned from 1 year of product development. #Python #ContentMarketing #GrowthHacking,186,31,25,7457,245,29952
POST_00030,twitter,2024-03-11 10:42:00,Our team just launched a new product development tool — check it out! #Tech #GrowthHacking #MachineLearning #ContentMarketing,568,49,14,8553,337,45092
POST_00031,facebook,2024-03-11 09:29:00,Why social media is transforming the industry in 2024. #ContentMarketing #SocialMedia #Tech #MachineLearning,1146,303,154,15813,509,43995
POST_00032,facebook,2024-03-11 12:11:00,Lessons learned from 1 year of AI. #Python #MachineLearning #SocialMedia #Productivity,635,82,75,12933,264,44750
POST_00033,facebook,2024-03-11 20:27:00,Our team just launched a new content marketing tool — check it out! #SocialMedia #Tech #StartupLife #ContentMarketing,481,82,24,7479,152,42789
POST_00034,linkedin,2024-03-11 14:15:00,Why growth hacking is transforming the industry in 2024. #Productivity #MachineLearning #DataScience,74,7,5,3592,59,16155
POST_00035,twitter,2024-03-11 19:26:00,Lessons learned from 1 year of social media. #ContentMarketing #AI #Tech,20,2,2,657,22,1386
POST_00036,instagram,2024-03-10 20:51:00,Lessons learned from 1 year of brand storytelling. #StartupLife #ContentMarketing,37,9,4,652,22,2902
POST_00037,twitter,2024-03-10 10:39:00,Thread: everything you need to know about machine learning in 2024. #Tech #AI #MachineLearning #GrowthHacking,98,11,6,4353,91,9893
POST_00038,facebook,2024-03-10 17:48:00,Excited to share our latest work on product development! #StartupLife #MachineLearning #SocialMedia #innovation,204,21,5,2669,102,36351
POST_00039,twitter,2024-03-10 08:48:00,Our team just launched a new social media tool — check it out! #AI #DataScience,43,12,3,2439,34,9272
POST_00040,twitter,2024-03-10 17:10:00,Thread: everything you need to know about content marketing in 2024. #MachineLearning #AI #StartupLife,305,60,39,12786,172,26995
POST_00041,twitter,2024-03-10 14:54:00,5 tips to improve your AI strategy today. #Productivity #ContentMarketing #GrowthHacking,126,19,10,11661,235,34158
POST_00042,facebook,2024-03-10 17:40:00,Lessons learned from 1 year of content marketing. #DataScience #Productivity #StartupLife,473,55,61,7740,263,31465
POST_00043,facebook,2024-03-09 14:56:00,Excited to share our latest work on social media! #Tech #ContentMarketing #GrowthHacking #innovation,328,33,40,14457,244,33394
POST_00044,twitter,2024-03-09 14:35:00,Lessons learned from 1 year of social media. #Python #ContentMarketing,853,180,71,14623,478,37384
POST_00045,instagram,2024-03-09 09:18:00,How we grew 3x using machine learning techniques. #Python #StartupLife #GrowthHacking #Tech,698,96,55,14398,226,28885
POST_00046,instagram,2024-03-08 09:46:00,Our team just launched a new growth hacking tool — check it out! #Productivity #DataScience,170,33,20,5804,150,15180
POST_00047,instagram,2024-03-08 09:53:00,Big news: we've crossed 10k users with our product development platform. #GrowthHacking #DataScience,13,0,0,710,10,1927
POST_00048,facebook,2024-03-08 10:40:00,Lessons learned from 1 year of data science. #Tech #StartupLife,184,11,26,8035,174,32373
POST_00049,facebook,2024-03-08 09:25:00,Big news: we've crossed 10k users with our data science platform. #AI #DataScience #Productivity #ContentMarketing,59,14,5,3272,106,6582
POST_00050,facebook,2024-03-07 20:24:00,Excited to share our latest work on brand storytelling! #Tech #ContentMarketing #StartupLife #innovation,334,80,33,19740,281,40952
POST_00051,instagram,2024-03-07 09:10:00,Lessons learned from 1 year of content marketing. #MachineLearning #DataScience #AI #Python,445,48,49,14648,433,46178
POST_00052,instagram,2024-03-07 19:04:00,Our team just launched a new product development tool — check it out! #Tech #Python #ContentMarketing #AI,145,12,4,5084,166,43443
POST_00053,twitter,2024-03-07 14:28:00,Lessons learned from 1 year of brand storytelling. #StartupLife #ContentMarketing #Tech #SocialMedia,32,5,1,2559,35,29688
POST_00054,twitter,2024-03-06 12:43:00,Lessons learned from 1 year of product development. #AI #DataScience #SocialMedia #StartupLife,129,26,10,2531,20,19229
POST_00055,linkedin,2024-03-06 17:26:00,Lessons learned from 1 year of growth hacking. #MachineLearning #DataScience #GrowthHacking #Python,263,63,6,6924,55,19888
POST_00056,twitter,2024-03-06 14:20:00,Excited to share our latest work on machine learning! #AI #Productivity #SocialMedia #Python #innovation,201,35,15,3765,25,13293
POST_00057,linkedin,2024-03-05 20:08:00,Our team just launched a new brand storytelling tool — check it out! #SocialMedia #MachineLearning #AI #GrowthHacking,279,52,8,5762,228,47516
POST_00058,twitter,2024-03-05 09:29:00,Thread: everything you need to know about content marketing in 2024. #StartupLife #Productivity #Tech,433,81,30,16020,596,32621
POST_00059,instagram,2024-03-05 20:47:00,Excited to share our latest work on data science! #ContentMarketing #GrowthHacking #StartupLife #innovation,504,98,53,7359,259,19536
POST_00060,facebook,2024-03-05 19:34:00,Lessons learned from 1 year of growth hacking. #Productivity #Tech #ContentMarketing,766,84,53,9747,340,22088
POST_00061,linkedin,2024-03-05 18:02:00,Excited to share our latest work on brand storytelling! #ContentMarketing #Tech #DataScience #Python #innovation,131,35,17,2559,52,9273
POST_00062,instagram,2024-03-04 19:00:00,Big news: we've crossed 10k users with our machine learning platform. #DataScience #MachineLearning #SocialMedia #ContentMarketing,289,20,18,7662,219,23187
POST_00063,linkedin,2024-03-04 20:24:00,Big news: we've crossed 10k users with our brand storytelling platform. #AI #MachineLearning #Python #GrowthHacking,247,18,25,6141,218,15908
POST_00064,linkedin,2024-03-04 19:10:00,Big news: we've crossed 10k users with our AI platform. #GrowthHacking #AI,108,19,10,5355,175,24492
POST_00065,twitter,2024-03-04 10:11:00,Lessons learned from 1 year of machine learning. #Python #SocialMedia #DataScience #MachineLearning,196,10,24,7032,256,42805
POST_00066,twitter,2024-03-04 20:10:00,Big news: we've crossed 10k users with our brand storytelling platform. #Tech #StartupLife #ContentMarketing,318,46,26,13315,177,30939
POST_00067,linkedin,2024-03-04 17:36:00,Excited to share our latest work on product development! #ContentMarketing #StartupLife #innovation,1078,316,149,16731,520,38088
POST_00068,instagram,2024-03-04 14:49:00,Why growth hacking is transforming the industry in 2024. #Python #StartupLife,213,12,26,3952,24,42172
POST_00069,linkedin,2024-03-03 10:05:00,How we grew 3x using growth hacking techniques. #ContentMarketing #DataScience #Python #MachineLearning,286,26,39,9870,375,35789
POST_00070,linkedin,2024-03-03 14:47:00,Thread: everything you need to know about data science in 2024. #MachineLearning #DataScience #Python,526,28,47,8052,168,37524
POST_00071,facebook,2024-03-03 14:37:00,Excited to share our latest work on growth hacking! #Python #SocialMedia #innovation,918,255,44,18633,134,41602
POST_00072,linkedin,2024-03-03 19:58:00,Excited to share our latest work on machine learning! #DataScience #AI #innovation,189,20,16,10434,194,20946
POST_00073,facebook,2024-03-03 17:42:00,Big news: we've crossed 10k users with our content marketing platform. #MachineLearning #SocialMedia #ContentMarketing,28,4,1,1133,20,3144
POST_00074,linkedin,2024-03-02 17:34:00,Lessons learned from 1 year of AI. #StartupLife #Python #MachineLearning,134,26,3,2440,79,7007
POST_00075,instagram,2024-03-02 12:08:00,Why data science is transforming the industry in 2024. #Python #Tech #Productivity #DataScience,143,12,5,2054,28,40058
POST_00076,twitter,2024-03-02 10:07:00,How we grew 3x using content marketing techniques. #GrowthHacking #Python,3,0,0,261,8,2034
POST_00077,linkedin,2024-03-02 19:28:00,Big news: we've crossed 10k users with our data science platform. #Productivity #Python #AI,128,38,16,10530,209,31018
POST_00078,facebook,2024-03-02 09:31:00,5 tips to improve your data science strategy today. #GrowthHacking #DataScience,87,16,5,1610,64,9270
POST_00079,facebook,2024-03-02 20:18:00,Our team just launched a new machine learning tool — check it out! #MachineLearning #Productivity,192,25,15,7389,144,29185
POST_00080,facebook,2024-03-02 09:20:00,Lessons learned from 1 year of growth hacking. #StartupLife #GrowthHacking #DataScience #Productivity,7,1,0,491,8,5399
POST_00081,twitter,2024-03-02 10:35:00,Thread: everything you need to know about growth hacking in 2024. #MachineLearning #ContentMarketing #GrowthHacking #Productivity,106,13,3,3529,80,48255
POST_00082,twitter,2024-03-01 19:14:00,Our team just launched a new growth hacking tool — check it out! #GrowthHacking #MachineLearning #StartupLife #SocialMedia,980,249,97,12531,344,29122
POST_00083,linkedin,2024-03-01 08:38:00,How we grew 3x using AI techniques. #StartupLife #Tech,89,17,6,1266,12,24004
POST_00084,instagram,2024-03-01 08:05:00,How we grew 3x using machine learning techniques. #SocialMedia #GrowthHacking #DataScience,516,99,16,8027,54,21423
POST_00085,twitter,2024-03-01 10:48:00,Lessons learned from 1 year of data science. #SocialMedia #ContentMarketing #Tech,305,23,23,4866,72,28143
POST_00086,linkedin,2024-02-29 19:33:00,Excited to share our latest work on AI! #ContentMarketing #AI #innovation,66,5,3,2672,44,14397
POST_00087,facebook,2024-02-29 08:31:00,Our team just launched a new content marketing tool — check it out! #ContentMarketing #Productivity,578,80,41,10183,315,33785
POST_00088,facebook,2024-02-29 18:01:00,Thread: everything you need to know about data science in 2024. #Tech #ContentMarketing #Productivity,23,3,2,2033,54,19973
POST_00089,facebook,2024-02-29 17:05:00,5 tips to improve your data science strategy today. #ContentMarketing #Tech,740,77,89,11898,91,26936
POST_00090,instagram,2024-02-29 09:33:00,Why growth hacking is transforming the industry in 2024. #DataScience #Python #MachineLearning,128,30,13,2466,27,17775
POST_00091,facebook,2024-02-29 19:29:00,Lessons learned from 1 year of growth hacking. #GrowthHacking #DataScience #SocialMedia #AI,658,130,43,10017,76,29980
POST_00092,twitter,2024-02-29 19:28:00,Thread: everything you need to know about AI in 2024. #StartupLife #MachineLearning #Productivity,748,175,18,9746,358,31324
POST_00093,facebook,2024-02-29 12:20:00,How we grew 3x using content marketing techniques. #SocialMedia #MachineLearning,232,13,25,4205,166,47813
POST_00094,instagram,2024-02-28 20:39:00,How we grew 3x using growth hacking techniques. #StartupLife #ContentMarketing #Productivity,946,200,27,14514,120,45492
POST_00095,linkedin,2024-02-28 18:18:00,Big news: we've crossed 10k users with our content marketing platform. #MachineLearning #DataScience #GrowthHacking,600,119,85,16028,253,43995
POST_00096,linkedin,2024-02-28 18:41:00,How we grew 3x using content marketing techniques. #Productivity #MachineLearning #ContentMarketing #StartupLife,10,1,1,467,10,2194
POST_00097,instagram,2024-02-28 12:08:00,How we grew 3x using data science techniques. #MachineLearning #Productivity #AI,164,14,21,4522,144,41503
POST_00098,facebook,2024-02-28 10:46:00,Big news: we've crossed 10k users with our AI platform. #GrowthHacking #Python #SocialMedia,126,36,15,4724,173,30420
POST_00099,facebook,2024-02-28 12:23:00,Why brand storytelling is transforming the industry in 2024. #ContentMarketing #Productivity #Tech,113,12,11,5783,205,14087
POST_00100,twitter,2024-02-28 20:59:00,Lessons learned from 1 year of data science. #MachineLearning #DataScience #StartupLife,163,46,7,4029,83,34643
POST_00101,twitter,2024-02-27 08:26:00,How we grew 3x using machine learning techniques. #GrowthHacking #Python #ContentMarketing #AI,74,19,7,985,32,15715
POST_00102,linkedin,2024-02-27 10:02:00,Excited to share our latest work on brand storytelling! #DataScience #SocialMedia #Productivity #StartupLife #innovation,9,0,1,362,9,6192
POST_00103,linkedin,2024-02-27 18:07:00,Thread: everything you need to know about social media in 2024. #MachineLearning #AI #Python,733,56,100,17460,451,42874
POST_00104,instagram,2024-02-27 08:40:00,Our team just launched a new content marketing tool — check it out! #ContentMarketing #AI #GrowthHacking,515,36,75,9118,67,38399
POST_00105,twitter,2024-02-27 20:34:00,Big news: we've crossed 10k users with our machine learning platform. #AI #ContentMarketing #GrowthHacking,186,25,21,2864,77,49976
POST_00106,twitter,2024-02-26 17:08:00,Lessons learned from 1 year of growth hacking. #GrowthHacking #DataScience #SocialMedia #Tech,108,24,15,5597,35,42401
POST_00107,instagram,2024-02-26 12:02:00,Lessons learned from 1 year of AI. #StartupLife #Productivity #ContentMarketing,64,7,8,1170,7,17601
POST_00108,twitter,2024-02-26 17:17:00,How we grew 3x using growth hacking techniques. #ContentMarketing #SocialMedia #Tech,162,45,14,3619,119,13243
POST_00109,facebook,2024-02-26 18:05:00,How we grew 3x using content marketing techniques. #StartupLife #GrowthHacking #MachineLearning #AI,334,76,13,8111,166,44314
POST_00110,linkedin,2024-02-26 19:02:00,How we grew 3x using machine learning techniques. #AI #MachineLearning #ContentMarketing,818,235,31,14213,373,34625
POST_00111,instagram,2024-02-26 19:02:00,Thread: everything you need to know about data science in 2024. #GrowthHacking #Tech,51,8,3,2465,50,38174
POST_00112,instagram,2024-02-26 09:36:00,5 tips to improve your growth hacking strategy today. #GrowthHacking #StartupLife #Python,46,6,4,1028,14,2698
POST_00113,linkedin,2024-02-25 19:13:00,5 tips to improve your brand storytelling strategy today. #MachineLearning #DataScience,234,70,29,3910,151,30625
POST_00114,linkedin,2024-02-25 17:42:00,Why data science is transforming the industry in 2024. #Productivity #StartupLife #Tech #ContentMarketing,1038,97,69,17596,226,47649
POST_00115,instagram,2024-02-25 12:50:00,Lessons learned from 1 year of social media. #AI #GrowthHacking #Productivity,289,19,20,4027,121,37152
POST_00116,facebook,2024-02-25 19:33:00,5 tips to improve your machine learning strategy today. #MachineLearning #DataScience #GrowthHacking #SocialMedia,365,29,46,7915,192,30489
POST_00117,instagram,2024-02-25 10:49:00,Why machine learning is transforming the industry in 2024. #AI #MachineLearning #DataScience #SocialMedia,135,18,19,2267,82,11614
POST_00118,linkedin,2024-02-24 14:12:00,Why content marketing is transforming the industry in 2024. #StartupLife #Productivity #MachineLearning #Tech,391,83,44,18846,493,39784
POST_00119,twitter,2024-02-24 08:52:00,Our team just launched a new data science tool — check it out! #Tech #StartupLife,500,87,50,9141,138,38495
POST_00120,instagram,2024-02-24 14:30:00,Why machine learning is transforming the industry in 2024. #SocialMedia #MachineLearning #AI,300,40,11,7065,248,29809
POST_00121,instagram,2024-02-23 17:25:00,Lessons learned from 1 year of growth hacking. #Productivity #MachineLearning #GrowthHacking #Tech,42,3,2,1538,28,9029
POST_00122,instagram,2024-02-23 18:15:00,Lessons learned from 1 year of growth hacking. #GrowthHacking #Python #DataScience #Productivity,672,48,47,15009,315,33686
POST_00123,linkedin,2024-02-23 12:13:00,Lessons learned from 1 year of AI. #StartupLife #SocialMedia,398,62,53,5750,175,19726
POST_00124,twitter,2024-02-23 18:23:00,Our team just launched a new machine learning tool — check it out! #Tech #Productivity,112,19,13,7401,109,24758
POST_00125,twitter,2024-02-23 09:08:00,Why machine learning is transforming the industry in 2024. #GrowthHacking #Productivity #Tech,171,10,4,4509,135,14045
POST_00126,instagram,2024-02-22 20:29:00,Thread: everything you need to know about content marketing in 2024. #Tech #GrowthHacking #DataScience,490,65,62,15844,374,41402
POST_00127,twitter,2024-02-22 14:30:00,Excited to share our latest work on growth hacking! #MachineLearning #ContentMarketing #StartupLife #innovation,821,201,99,10573,266,40119
POST_00128,facebook,2024-02-22 08:37:00,Our team just launched a new content marketing tool — check it out! #Tech #ContentMarketing #DataScience #Productivity,55,5,4,944,18,3069
POST_00129,instagram,2024-02-22 18:44:00,Why machine learning is transforming the industry in 2024. #Tech #SocialMedia #AI #GrowthHacking,164,35,14,5014,80,34992
POST_00130,linkedin,2024-02-22 10:29:00,Big news: we've crossed 10k users with our growth hacking platform. #StartupLife #SocialMedia #Python #MachineLearning,525,155,63,6925,205,37574
POST_00131,facebook,2024-02-22 19:20:00,Thread: everything you need to know about growth hacking in 2024. #StartupLife #Tech #MachineLearning #Productivity,862,216,49,11233,169,26856
POST_00132,facebook,2024-02-21 09:22:00,Big news: we've crossed 10k users with our product development platform. #SocialMedia #Python #Productivity #ContentMarketing,269,54,25,13743,185,37832
POST_00133,instagram,2024-02-21 20:14:00,Lessons learned from 1 year of AI. #ContentMarketing #GrowthHacking,53,15,7,2705,28,7589
POST_00134,instagram,2024-02-21 19:30:00,Our team just launched a new product development tool — check it out! #StartupLife #AI #MachineLearning,958,56,133,13793,270,36071
POST_00135,twitter,2024-02-21 10:59:00,Excited to share our latest work on machine learning! #DataScience #StartupLife #AI #innovation,109,32,6,6281,248,20555
POST_00136,facebook,2024-02-21 20:33:00,5 tips to improve your content marketing strategy today. #SocialMedia #StartupLife #Python #ContentMarketing,117,13,5,2791,85,22671
POST_00137,instagram,2024-02-21 14:36:00,Thread: everything you need to know about content marketing in 2024. #ContentMarketing #Tech #GrowthHacking #AI,328,55,46,4168,21,44860
POST_00138,facebook,2024-02-21 18:15:00,How we grew 3x using product development techniques. #StartupLife #AI #Tech,411,68,16,7254,210,46401
POST_00139,twitter,2024-02-21 14:44:00,Why product development is transforming the industry in 2024. #Tech #Python #Productivity,239,48,17,3846,93,32338
POST_00140,instagram,2024-02-20 20:51:00,How we grew 3x using social media techniques. #Tech #MachineLearning #SocialMedia #StartupLife,50,12,6,2831,34,6118
POST_00141,instagram,2024-02-20 20:09:00,Lessons learned from 1 year of growth hacking. #SocialMedia #MachineLearning #Python #GrowthHacking,130,8,4,3162,61,6959
POST_00142,facebook,2024-02-20 08:35:00,Excited to share our latest work on product development! #AI #ContentMarketing #StartupLife #Productivity #innovation,111,17,12,7384,176,49877
POST_00143,twitter,2024-02-20 08:59:00,Why brand storytelling is transforming the industry in 2024. #StartupLife #ContentMarketing,305,64,22,3896,154,9875
POST_00144,facebook,2024-02-20 18:28:00,How we grew 3x using machine learning techniques. #Productivity #DataScience,54,9,6,1143,14,8774
POST_00145,twitter,2024-02-20 08:48:00,Our team just launched a new product development tool — check it out! #Productivity #ContentMarketing #Tech,92,8,12,4430,140,17220
POST_00146,twitter,2024-02-19 18:39:00,Excited to share our latest work on social media! #MachineLearning #Tech #innovation,571,35,66,9652,184,30257
POST_00147,instagram,2024-02-19 12:34:00,Our team just launched a new AI tool — check it out! #Productivity #StartupLife,763,185,96,15134,201,48940
POST_00148,instagram,2024-02-19 10:42:00,Thread: everything you need to know about machine learning in 2024. #StartupLife #AI #DataScience,797,227,85,10218,332,37428
POST_00149,instagram,2024-02-18 18:26:00,Our team just launched a new product development tool — check it out! #DataScience #Productivity #SocialMedia,173,43,24,2922,72,15768
POST_00150,instagram,2024-02-18 18:35:00,How we grew 3x using machine learning techniques. #StartupLife #Python,153,21,13,3712,126,43382
POST_00151,facebook,2024-02-18 08:17:00,Our team just launched a new AI tool — check it out! #Python #Productivity,343,43,47,4668,57,32417
POST_00152,twitter,2024-02-18 12:47:00,Thread: everything you need to know about brand storytelling in 2024. #Tech #Python,320,46,28,4979,87,16684
POST_00153,facebook,2024-02-18 14:23:00,Our team just launched a new brand storytelling tool — check it out! #SocialMedia #GrowthHacking,63,16,7,4826,26,25294
POST_00154,instagram,2024-02-17 18:18:00,Lessons learned from 1 year of social media. #Python #ContentMarketing #Tech,740,84,93,12778,496,37086
POST_00155,instagram,2024-02-17 19:29:00,Lessons learned from 1 year of growth hacking. #DataScience #Productivity,289,60,7,6042,37,13061
POST_00156,twitter,2024-02-17 09:52:00,Why AI is transforming the industry in 2024. #DataScience #Python #MachineLearning,9,0,0,237,8,1599
POST_00157,facebook,2024-02-17 19:42:00,Thread: everything you need to know about AI in 2024. #Productivity #Tech,6,1,0,102,2,1776
POST_00158,instagram,2024-02-17 18:51:00,Our team just launched a new data science tool — check it out! #Productivity #DataScience,123,17,15,4465,34,13578
POST_00159,instagram,2024-02-17 18:29:00,Thread: everything you need to know about social media in 2024. #MachineLearning #AI #Tech,246,51,27,5681,44,25855
POST_00160,linkedin,2024-02-17 18:41:00,Lessons learned from 1 year of data science. #AI #Python #Productivity #ContentMarketing,20,5,2,1331,32,18766
POST_00161,linkedin,2024-02-16 10:59:00,Thread: everything you need to know about AI in 2024. #Tech #DataScience,55,10,7,1115,31,6042
POST_00162,facebook,2024-02-16 20:21:00,5 tips to improve your content marketing strategy today. #MachineLearning #Productivity #GrowthHacking #AI,70,14,6,4579,118,29645
POST_00163,linkedin,2024-02-16 17:01:00,Thread: everything you need to know about brand storytelling in 2024. #Python #GrowthHacking #ContentMarketing,263,18,26,4687,154,13172
POST_00164,linkedin,2024-02-15 09:05:00,How we grew 3x using content marketing techniques. #DataScience #ContentMarketing #GrowthHacking,55,8,6,727,6,7982
POST_00165,facebook,2024-02-15 09:11:00,Excited to share our latest work on brand storytelling! #Productivity #Tech #ContentMarketing #AI #innovation,23,4,1,1438,26,6873
POST_00166,facebook,2024-02-15 14:26:00,Thread: everything you need to know about data science in 2024. #Productivity #Python #DataScience #GrowthHacking,42,7,1,1361,27,12108
POST_00167,facebook,2024-02-15 18:19:00,Our team just launched a new data science tool — check it out! #StartupLife #Python #SocialMedia,95,27,6,3042,81,31006
POST_00168,linkedin,2024-02-15 17:28:00,Our team just launched a new machine learning tool — check it out! #Tech #DataScience #StartupLife #Productivity,480,140,27,6199,181,32392
POST_00169,instagram,2024-02-15 19:36:00,5 tips to improve your growth hacking strategy today. #StartupLife #ContentMarketing #GrowthHacking,423,40,50,5309,31,37952
POST_00170,instagram,2024-02-15 19:45:00,Why brand storytelling is transforming the industry in 2024. #MachineLearning #ContentMarketing #SocialMedia,219,19,16,7917,144,42506
POST_00171,facebook,2024-02-15 19:38:00,How we grew 3x using machine learning techniques. #Productivity #ContentMarketing #AI #Tech,1012,212,31,21281,679,46982
POST_00172,twitter,2024-02-14 17:10:00,5 tips to improve your machine learning strategy today. #ContentMarketing #MachineLearning #AI,167,31,18,2691,34,17956
POST_00173,facebook,2024-02-14 17:25:00,Big news: we've crossed 10k users with our content marketing platform. #AI #SocialMedia #MachineLearning,210,54,24,13120,225,28261
POST_00174,instagram,2024-02-14 17:29:00,Lessons learned from 1 year of brand storytelling. #SocialMedia #MachineLearning #Tech,23,5,0,1757,29,21900
POST_00175,instagram,2024-02-14 09:43:00,Thread: everything you need to know about social media in 2024. #DataScience #Productivity #Tech #SocialMedia,185,17,19,4827,97,31281
POST_00176,instagram,2024-02-14 08:47:00,Our team just launched a new brand storytelling tool — check it out! #ContentMarketing #Tech #AI #GrowthHacking,150,37,14,2538,83,14486
POST_00177,linkedin,2024-02-14 20:11:00,Big news: we've crossed 10k users with our growth hacking platform. #SocialMedia #MachineLearning,924,193,90,19698,519,44955
POST_00178,linkedin,2024-02-14 09:22:00,Why brand storytelling is transforming the industry in 2024. #DataScience #StartupLife #MachineLearning #GrowthHacking,69,6,7,2217,50,21524
POST_00179,instagram,2024-02-14 18:38:00,Why machine learning is transforming the industry in 2024. #DataScience #SocialMedia #Tech,137,35,13,5955,210,33089
POST_00180,instagram,2024-02-13 19:08:00,Lessons learned from 1 year of machine learning. #Productivity #SocialMedia #ContentMarketing #GrowthHacking,428,39,40,10435,342,28238
POST_00181,twitter,2024-02-13 12:18:00,Why product development is transforming the industry in 2024. #Productivity #StartupLife,604,104,52,9431,236,30971
POST_00182,linkedin,2024-02-13 14:49:00,5 tips to improve your AI strategy today. #SocialMedia #Productivity #Python #Tech,1305,162,195,20851,432,49233
POST_00183,twitter,2024-02-12 09:28:00,Thread: everything you need to know about social media in 2024. #Tech #GrowthHacking,252,63,31,3886,96,11877
POST_00184,instagram,2024-02-12 20:17:00,5 tips to improve your growth hacking strategy today. #StartupLife #Tech #Productivity #ContentMarketing,310,86,46,4776,168,9885
POST_00185,instagram,2024-02-12 10:44:00,Thread: everything you need to know about social media in 2024. #GrowthHacking #Python,204,42,14,3770,28,33077
POST_00186,linkedin,2024-02-12 09:25:00,5 tips to improve your growth hacking strategy today. #SocialMedia #GrowthHacking #AI,1297,290,169,23838,783,48902
POST_00187,facebook,2024-02-12 18:13:00,How we grew 3x using social media techniques. #StartupLife #GrowthHacking #Tech,567,97,36,11431,330,36868
POST_00188,facebook,2024-02-11 08:06:00,Lessons learned from 1 year of AI. #DataScience #SocialMedia,20,5,2,518,18,1044
POST_00189,linkedin,2024-02-11 14:10:00,Why data science is transforming the industry in 2024. #GrowthHacking #StartupLife #MachineLearning #DataScience,31,6,1,1003,28,4393
POST_00190,instagram,2024-02-11 09:00:00,Lessons learned from 1 year of brand storytelling. #DataScience #Python,2,0,0,86,2,1608
POST_00191,facebook,2024-02-10 09:14:00,Big news: we've crossed 10k users with our data science platform. #MachineLearning #Tech #GrowthHacking #DataScience,148,39,15,2219,63,9986
POST_00192,twitter,2024-02-10 09:33:00,Thread: everything you need to know about content marketing in 2024. #GrowthHacking #Python #DataScience,1042,74,34,14851,465,41375
POST_00193,facebook,2024-02-10 18:22:00,5 tips to improve your growth hacking strategy today. #Python #StartupLife,268,54,32,5162,150,17263
POST_00194,instagram,2024-02-10 14:13:00,Thread: everything you need to know about machine learning in 2024. #AI #Python #SocialMedia,72,4,9,1329,7,8388
POST_00195,linkedin,2024-02-10 17:59:00,Why content marketing is transforming the industry in 2024. #Tech #ContentMarketing #GrowthHacking,976,52,28,15280,216,31868
POST_00196,twitter,2024-02-10 08:59:00,Thread: everything you need to know about machine learning in 2024. #StartupLife #Productivity #ContentMarketing #Python,103,9,3,2165,16,6401
POST_00197,linkedin,2024-02-09 10:34:00,Our team just launched a new machine learning tool — check it out! #MachineLearning #StartupLife #ContentMarketing #GrowthHacking,57,4,5,767,5,4794
POST_00198,twitter,2024-02-09 10:07:00,Big news: we've crossed 10k users with our content marketing platform. #AI #DataScience #SocialMedia #Productivity,162,43,18,2595,23,11942
POST_00199,facebook,2024-02-09 08:21:00,Lessons learned from 1 year of product development. #MachineLearning #StartupLife #Tech #Python,328,62,22,7310,101,34474
POST_00200,twitter,2024-02-09 09:57:00,Excited to share our latest work on social media! #Productivity #AI #Tech #ContentMarketing #innovation,42,11,1,1203,46,17026
POST_00201,facebook,2024-02-08 20:51:00,Big news: we've crossed 10k users with our social media platform. #Python #ContentMarketing #GrowthHacking,34,7,0,1875,24,6104
POST_00202,facebook,2024-02-08 20:02:00,5 tips to improve your data science strategy today. #StartupLife #Tech #GrowthHacking,340,41,41,9517,293,37247
POST_00203,linkedin,2024-02-08 12:29:00,Why brand storytelling is transforming the industry in 2024. #Productivity #Python,7,1,0,665,19,1417
POST_00204,facebook,2024-02-07 17:00:00,Our team just launched a new product development tool — check it out! #Python #Productivity,109,32,12,7738,63,28513
POST_00205,facebook,2024-02-07 12:57:00,Thread: everything you need to know about growth hacking in 2024. #MachineLearning #Tech #DataScience,26,5,0,1867,28,5904
POST_00206,facebook,2024-02-07 17:59:00,5 tips to improve your growth hacking strategy today. #SocialMedia #StartupLife #Python,101,7,3,1589,32,14284
POST_00207,linkedin,2024-02-06 18:07:00,5 tips to improve your social media strategy today. #StartupLife #SocialMedia #Tech,48,12,5,837,5,6925
POST_00208,twitter,2024-02-06 17:09:00,Big news: we've crossed 10k users with our social media platform. #ContentMarketing #Productivity #AI,167,48,21,7563,184,18050
POST_00209,twitter,2024-02-06 20:15:00,Excited to share our latest work on brand storytelling! #DataScience #MachineLearning #innovation,168,13,21,2135,38,5041
POST_00210,linkedin,2024-02-06 09:37:00,Lessons learned from 1 year of data science. #MachineLearning #Python,59,14,2,862,32,9440
POST_00211,facebook,2024-02-06 08:10:00,Why machine learning is transforming the industry in 2024. #AI #ContentMarketing #Productivity,81,9,10,3547,22,24196
POST_00212,linkedin,2024-02-05 12:41:00,5 tips to improve your brand storytelling strategy today. #Productivity #SocialMedia #AI,169,35,20,4299,58,19335
POST_00213,twitter,2024-02-05 20:50:00,How we grew 3x using machine learning techniques. #GrowthHacking #SocialMedia #Productivity #DataScience,53,10,1,4541,151,26452
POST_00214,facebook,2024-02-05 14:03:00,Our team just launched a new growth hacking tool — check it out! #Python #DataScience #MachineLearning #SocialMedia,350,81,41,5358,204,18467
POST_00215,instagram,2024-02-05 18:22:00,How we grew 3x using content marketing techniques. #Tech #GrowthHacking,147,42,13,2493,61,39768
POST_00216,facebook,2024-02-05 12:53:00,5 tips to improve your product development strategy today. #SocialMedia #AI,18,3,0,724,26,4681
POST_00217,instagram,2024-02-05 12:51:00,Why growth hacking is transforming the industry in 2024. #DataScience #GrowthHacking #AI #SocialMedia,288,22,25,14480,257,39444
POST_00218,facebook,2024-02-05 09:23:00,Why data science is transforming the industry in 2024. #StartupLife #GrowthHacking #DataScience,1528,443,159,23366,259,48995
POST_00219,instagram,2024-02-04 17:14:00,Excited to share our latest work on machine learning! #StartupLife #DataScience #Productivity #innovation,838,250,121,22417,137,47006
POST_00220,instagram,2024-02-04 17:58:00,Our team just launched a new data science tool — check it out! #DataScience #GrowthHacking #MachineLearning,253,68,7,11675,348,23728
POST_00221,twitter,2024-02-04 17:28:00,How we grew 3x using product development techniques. #Python #MachineLearning,435,26,33,7202,141,17820
POST_00222,facebook,2024-02-04 10:56:00,5 tips to improve your brand storytelling strategy today. #GrowthHacking #Productivity #ContentMarketing,662,158,32,13128,272,32423
POST_00223,twitter,2024-02-04 08:18:00,Why growth hacking is transforming the industry in 2024. #MachineLearning #Tech #GrowthHacking,47,13,6,3134,52,25606
POST_00224,twitter,2024-02-04 19:45:00,5 tips to improve your machine learning strategy today. #DataScience #ContentMarketing #Tech #AI,75,16,8,3234,98,22698
POST_00225,linkedin,2024-02-04 14:42:00,Thread: everything you need to know about product development in 2024. #MachineLearning #AI,507,32,10,11439,92,38471
POST_00226,twitter,2024-02-03 19:12:00,5 tips to improve your AI strategy today. #DataScience #StartupLife,434,64,36,13765,387,32035
POST_00227,facebook,2024-02-03 09:41:00,Lessons learned from 1 year of content marketing. #ContentMarketing #GrowthHacking #DataScience,28,2,1,661,4,3924
POST_00228,linkedin,2024-02-03 09:05:00,Thread: everything you need to know about machine learning in 2024. #Python #Productivity #AI #ContentMarketing,398,106,32,8402,301,35247
POST_00229,twitter,2024-02-03 19:19:00,Lessons learned from 1 year of machine learning. #AI #Productivity #DataScience #Tech,127,13,5,5881,38,12329
POST_00230,facebook,2024-02-03 09:43:00,5 tips to improve your social media strategy today. #DataScience #StartupLife #GrowthHacking #SocialMedia,56,7,3,1505,31,6703
POST_00231,facebook,2024-02-03 08:50:00,5 tips to improve your data science strategy today. #DataScience #Tech #MachineLearning,986,263,132,15180,542,37876
POST_00232,facebook,2024-02-03 14:24:00,Thread: everything you need to know about brand storytelling in 2024. #DataScience #StartupLife,197,29,14,3422,122,10427
POST_00233,facebook,2024-02-03 12:03:00,Big news: we've crossed 10k users with our product development platform. #AI #GrowthHacking #StartupLife,582,128,85,8316,107,19372
POST_00234,linkedin,2024-02-02 19:49:00,Our team just launched a new product development tool — check it out! #ContentMarketing #MachineLearning #Python #SocialMedia,670,178,84,10614,244,27684
POST_00235,linkedin,2024-02-02 10:04:00,Why machine learning is transforming the industry in 2024. #Productivity #AI,145,9,3,6050,40,13632
POST_00236,instagram,2024-02-02 17:45:00,5 tips to improve your product development strategy today. #SocialMedia #Productivity #ContentMarketing,104,20,4,2909,103,45641
POST_00237,linkedin,2024-02-02 20:22:00,Thread: everything you need to know about content marketing in 2024. #MachineLearning #StartupLife #AI,26,7,3,524,14,4253
POST_00238,facebook,2024-02-02 12:17:00,Why AI is transforming the industry in 2024. #AI #SocialMedia #DataScience #GrowthHacking,425,85,60,16578,496,40396
POST_00239,facebook,2024-02-01 14:27:00,Big news: we've crossed 10k users with our growth hacking platform. #StartupLife #Python #SocialMedia,692,135,14,12900,515,45380
POST_00240,linkedin,2024-02-01 17:35:00,Big news: we've crossed 10k users with our product development platform. #MachineLearning #SocialMedia #Tech #DataScience,247,52,35,8437,234,42982
POST_00241,instagram,2024-02-01 12:09:00,Excited to share our latest work on AI! #ContentMarketing #GrowthHacking #DataScience #Productivity #innovation,369,102,26,12034,370,43952
POST_00242,instagram,2024-02-01 12:21:00,Why brand storytelling is transforming the industry in 2024. #GrowthHacking #Productivity #StartupLife #ContentMarketing,444,33,16,19597,275,44097
POST_00243,instagram,2024-02-01 20:48:00,Big news: we've crossed 10k users with our growth hacking platform. #MachineLearning #Python #GrowthHacking #Tech,383,44,22,11554,401,28556
POST_00244,twitter,2024-02-01 19:03:00,Thread: everything you need to know about brand storytelling in 2024. #Productivity #MachineLearning,90,23,3,6582,79,35723
POST_00245,facebook,2024-02-01 18:36:00,How we grew 3x using content marketing techniques. #DataScience #MachineLearning #SocialMedia,668,43,52,20922,257,42355
POST_00246,instagram,2024-02-01 10:36:00,Thread: everything you need to know about brand storytelling in 2024. #DataScience #ContentMarketing,289,14,25,6668,203,27436
POST_00247,instagram,2024-01-31 17:48:00,How we grew 3x using AI techniques. #AI #Python #Productivity #GrowthHacking,85,16,3,2317,78,21453
POST_00248,facebook,2024-01-31 14:18:00,How we grew 3x using growth hacking techniques. #DataScience #GrowthHacking #SocialMedia,121,30,2,1657,21,13348
POST_00249,twitter,2024-01-31 10:13:00,Thread: everything you need to know about content marketing in 2024. #GrowthHacking #AI,336,20,50,7093,199,42964
POST_00250,twitter,2024-01-30 08:03:00,Lessons learned from 1 year of machine learning. #ContentMarketing #MachineLearning #StartupLife,327,67,19,5588,157,46997
POST_00251,instagram,2024-01-30 20:17:00,Big news: we've crossed 10k users with our machine learning platform. #Productivity #MachineLearning,153,30,18,3415,116,8471
POST_00252,facebook,2024-01-30 12:22:00,Lessons learned from 1 year of product development. #AI #Productivity,229,24,4,5255,42,14611
POST_00253,facebook,2024-01-30 09:53:00,5 tips to improve your content marketing strategy today. #Productivity #MachineLearning,253,74,13,6040,40,17770
POST_00254,twitter,2024-01-30 10:55:00,5 tips to improve your product development strategy today. #GrowthHacking #ContentMarketing #MachineLearning,4,0,0,217,7,4007
POST_00255,twitter,2024-01-30 14:56:00,Thread: everything you need to know about growth hacking in 2024. #DataScience #MachineLearning #ContentMarketing,197,51,24,5328,147,30919
POST_00256,instagram,2024-01-30 10:07:00,Lessons learned from 1 year of AI. #MachineLearning #ContentMarketing,308,44,20,13602,81,38286
POST_00257,facebook,2024-01-30 10:30:00,Big news: we've crossed 10k users with our data science platform. #SocialMedia #AI #MachineLearning,498,109,59,8407,211,43924
POST_00258,linkedin,2024-01-29 12:42:00,Thread: everything you need to know about data science in 2024. #Python #SocialMedia #GrowthHacking,225,66,6,4592,126,10742
POST_00259,facebook,2024-01-29 10:32:00,How we grew 3x using brand storytelling techniques. #MachineLearning #SocialMedia,98,17,8,3338,60,16787
POST_00260,facebook,2024-01-29 12:05:00,How we grew 3x using brand storytelling techniques. #SocialMedia #MachineLearning #Tech #Python,268,14,19,4313,26,8779
POST_00261,twitter,2024-01-29 20:00:00,How we grew 3x using product development techniques. #Productivity #Python #SocialMedia #DataScience,131,17,15,1901,49,4556
POST_00262,facebook,2024-01-29 17:45:00,How we grew 3x using data science techniques. #Python #AI,796,97,69,10278,303,24274
POST_00263,instagram,2024-01-29 08:57:00,Big news: we've crossed 10k users with our brand storytelling platform. #ContentMarketing #MachineLearning,104,27,4,5669,191,41032
POST_00264,linkedin,2024-01-29 12:45:00,Lessons learned from 1 year of data science. #AI #MachineLearning #SocialMedia,630,183,12,13916,428,44152
POST_00265,facebook,2024-01-28 18:53:00,Thread: everything you need to know about content marketing in 2024. #Tech #DataScience #Productivity #AI,1013,178,70,14119,554,44091
POST_00266,facebook,2024-01-28 12:17:00,Thread: everything you need to know about growth hacking in 2024. #SocialMedia #DataScience #Productivity,921,114,102,14778,519,40487
POST_00267,instagram,2024-01-28 20:40:00,How we grew 3x using social media techniques. #Tech #StartupLife,295,86,12,4943,118,45064
POST_00268,twitter,2024-01-28 17:45:00,Thread: everything you need to know about growth hacking in 2024. #SocialMedia #ContentMarketing #StartupLife #Productivity,6,0,0,523,6,1836
POST_00269,linkedin,2024-01-28 10:18:00,Excited to share our latest work on content marketing! #StartupLife #Python #innovation,175,46,20,10202,359,24506
POST_00270,instagram,2024-01-28 20:24:00,How we grew 3x using product development techniques. #AI #ContentMarketing #Productivity #Python,171,17,22,2759,96,37184
POST_00271,instagram,2024-01-28 19:53:00,Lessons learned from 1 year of growth hacking. #Productivity #Python #Tech #DataScience,94,27,10,6219,57,12627
POST_00272,linkedin,2024-01-27 18:17:00,Excited to share our latest work on content marketing! #Tech #StartupLife #innovation,445,26,62,5888,152,22663
POST_00273,linkedin,2024-01-27 14:31:00,5 tips to improve your data science strategy today. #GrowthHacking #Productivity #Python #MachineLearning,199,30,13,4151,149,34104
POST_00274,linkedin,2024-01-27 17:21:00,Lessons learned from 1 year of product development. #Tech #Productivity,1250,65,133,15895,327,37787
POST_00275,linkedin,2024-01-26 12:02:00,Big news: we've crossed 10k users with our machine learning platform. #ContentMarketing #StartupLife,81,11,10,1205,24,2619
POST_00276,instagram,2024-01-26 08:18:00,Excited to share our latest work on growth hacking! #MachineLearning #Tech #DataScience #ContentMarketing #innovation,190,46,25,3344,66,42086
POST_00277,facebook,2024-01-26 09:13:00,How we grew 3x using data science techniques. #DataScience #AI #SocialMedia #GrowthHacking,4,0,0,311,7,3482
POST_00278,linkedin,2024-01-26 12:58:00,How we grew 3x using machine learning techniques. #SocialMedia #ContentMarketing #Productivity,8,0,0,474,3,2106
POST_00279,twitter,2024-01-26 08:44:00,5 tips to improve your growth hacking strategy today. #MachineLearning #StartupLife #Productivity #SocialMedia,311,46,32,7670,165,19449
POST_00280,instagram,2024-01-26 20:14:00,How we grew 3x using machine learning techniques. #StartupLife #DataScience #Tech #GrowthHacking,25,2,0,517,13,1730
POST_00281,twitter,2024-01-26 20:35:00,Thread: everything you need to know about product development in 2024. #GrowthHacking #Python,374,35,37,18769,259,43331
POST_00282,twitter,2024-01-26 09:11:00,5 tips to improve your brand storytelling strategy today. #Productivity #MachineLearning #StartupLife #GrowthHacking,99,17,6,1641,15,17429
POST_00283,linkedin,2024-01-25 12:06:00,Lessons learned from 1 year of data science. #GrowthHacking #SocialMedia,231,45,21,7371,130,22518
POST_00284,instagram,2024-01-25 17:27:00,Big news: we've crossed 10k users with our AI platform. #Python #Tech #ContentMarketing,166,44,13,2712,47,24559
POST_00285,twitter,2024-01-25 14:31:00,Why content marketing is transforming the industry in 2024. #Tech #MachineLearning #StartupLife #ContentMarketing,308,63,35,5023,181,36298
POST_00286,twitter,2024-01-25 20:40:00,Lessons learned from 1 year of machine learning. #Python #AI #StartupLife #SocialMedia,622,65,74,17490,536,43854
POST_00287,facebook,2024-01-25 14:08:00,Our team just launched a new data science tool — check it out! #GrowthHacking #Productivity #AI,929,79,37,14759,366,41241
POST_00288,facebook,2024-01-25 10:47:00,Our team just launched a new growth hacking tool — check it out! #Python #SocialMedia,22,4,1,864,28,5119
POST_00289,facebook,2024-01-25 18:30:00,Big news: we've crossed 10k users with our AI platform. #GrowthHacking #MachineLearning,402,37,42,8360,148,49621
POST_00290,linkedin,2024-01-25 09:33:00,How we grew 3x using machine learning techniques. #Productivity #ContentMarketing,277,55,23,6353,62,23612
POST_00291,linkedin,2024-01-24 12:04:00,How we grew 3x using social media techniques. #DataScience #Tech,275,29,34,15080,455,40454
POST_00292,facebook,2024-01-24 19:43:00,Thread: everything you need to know about brand storytelling in 2024. #Tech #DataScience,7,1,0,394,9,2471
POST_00293,instagram,2024-01-24 10:03:00,Excited to share our latest work on product development! #Productivity #ContentMarketing #innovation,1227,351,59,18183,476,48156
POST_00294,facebook,2024-01-24 19:55:00,Why content marketing is transforming the industry in 2024. #ContentMarketing #DataScience,413,95,26,14512,302,41842
POST_00295,facebook,2024-01-23 09:14:00,Our team just launched a new machine learning tool — check it out! #MachineLearning #AI,697,107,27,15400,128,35256
POST_00296,twitter,2024-01-23 19:57:00,Excited to share our latest work on data science! #SocialMedia #DataScience #innovation,724,103,18,15557,366,45470
POST_00297,facebook,2024-01-23 12:51:00,Why machine learning is transforming the industry in 2024. #Tech #MachineLearning #ContentMarketing,122,32,6,4680,167,17680
POST_00298,instagram,2024-01-23 18:16:00,Excited to share our latest work on AI! #AI #Productivity #MachineLearning #StartupLife #innovation,512,66,34,8812,91,25577
POST_00299,facebook,2024-01-23 14:16:00,Lessons learned from 1 year of growth hacking. #StartupLife #ContentMarketing #Python #SocialMedia,134,15,8,2753,46,12712
POST_00300,instagram,2024-01-23 18:47:00,Our team just launched a new data science tool — check it out! #Python #SocialMedia #DataScience #AI,266,49,29,7900,234,34314
POST_00301,twitter,2024-01-23 10:24:00,5 tips to improve your data science strategy today. #SocialMedia #ContentMarketing,31,6,3,875,32,5199
POST_00302,twitter,2024-01-22 20:18:00,Big news: we've crossed 10k users with our content marketing platform. #SocialMedia #Tech #AI #MachineLearning,46,8,2,896,9,13762
POST_00303,instagram,2024-01-22 08:23:00,Thread: everything you need to know about AI in 2024. #MachineLearning #StartupLife,325,32,7,8482,251,24142
POST_00304,linkedin,2024-01-22 09:35:00,Lessons learned from 1 year of growth hacking. #StartupLife #Python #Productivity,239,36,8,8481,63,27473
POST_00305,twitter,2024-01-22 14:21:00,Lessons learned from 1 year of product development. #Tech #StartupLife #SocialMedia #Python,511,84,40,6622,169,16943
POST_00306,twitter,2024-01-22 08:30:00,Our team just launched a new product development tool — check it out! #ContentMarketing #Python,177,32,19,5110,72,21691
POST_00307,facebook,2024-01-22 14:05:00,Lessons learned from 1 year of growth hacking. #Productivity #DataScience,327,38,46,4509,130,21569
POST_00308,instagram,2024-01-21 19:47:00,Our team just launched a new social media tool — check it out! #Python #StartupLife #Tech #MachineLearning,258,63,9,7403,57,17364
POST_00309,twitter,2024-01-21 19:39:00,Big news: we've crossed 10k users with our AI platform. #GrowthHacking #Tech #SocialMedia,278,49,19,4387,137,33165
POST_00310,facebook,2024-01-21 10:03:00,Why brand storytelling is transforming the industry in 2024. #AI #Productivity #GrowthHacking #Python,892,147,97,15153,82,30962
POST_00311,twitter,2024-01-21 12:24:00,Big news: we've crossed 10k users with our growth hacking platform. #Tech #StartupLife #DataScience,218,29,9,2832,56,16541
POST_00312,facebook,2024-01-20 17:23:00,5 tips to improve your product development strategy today. #DataScience #Tech #Python,219,34,15,8271,83,48239
POST_00313,twitter,2024-01-20 10:30:00,Lessons learned from 1 year of content marketing. #SocialMedia #DataScience #GrowthHacking,235,14,7,3366,36,20663
POST_00314,linkedin,2024-01-20 12:52:00,How we grew 3x using brand storytelling techniques. #MachineLearning #SocialMedia #GrowthHacking #DataScience,559,63,12,7437,68,24613
POST_00315,instagram,2024-01-20 12:36:00,Lessons learned from 1 year of product development. #GrowthHacking #Productivity #SocialMedia,40,8,1,1359,14,6138
POST_00316,facebook,2024-01-20 17:26:00,Our team just launched a new data science tool — check it out! #DataScience #GrowthHacking,126,14,13,4149,60,21544
POST_00317,linkedin,2024-01-20 19:49:00,Why brand storytelling is transforming the industry in 2024. #DataScience #Tech #AI,209,49,24,7576,93,48695
POST_00318,twitter,2024-01-19 09:06:00,5 tips to improve your brand storytelling strategy today. #AI #Tech #ContentMarketing #StartupLife,27,5,3,1313,20,7811
POST_00319,linkedin,2024-01-19 12:47:00,Excited to share our latest work on brand storytelling! #DataScience #Tech #Productivity #AI #innovation,693,184,55,9367,332,44486
POST_00320,facebook,2024-01-19 14:35:00,Thread: everything you need to know about content marketing in 2024. #Productivity #DataScience #SocialMedia #GrowthHacking,565,156,46,11929,154,35305
POST_00321,linkedin,2024-01-19 09:28:00,Excited to share our latest work on growth hacking! #StartupLife #DataScience #Tech #innovation,18,1,1,287,6,1006
POST_00322,facebook,2024-01-19 19:48:00,Our team just launched a new product development tool — check it out! #ContentMarketing #StartupLife,10,2,0,437,6,1473
POST_00323,facebook,2024-01-19 18:53:00,Big news: we've crossed 10k users with our social media platform. #MachineLearning #ContentMarketing #Python,317,37,14,6718,49,19656
POST_00324,facebook,2024-01-18 14:07:00,How we grew 3x using brand storytelling techniques. #Tech #SocialMedia #Python,20,1,2,269,4,2271
POST_00325,facebook,2024-01-18 10:45:00,Excited to share our latest work on AI! #MachineLearning #DataScience #innovation,194,47,16,4926,88,33347
POST_00326,twitter,2024-01-18 08:21:00,5 tips to improve your content marketing strategy today. #StartupLife #ContentMarketing,224,58,28,9572,325,36598
POST_00327,instagram,2024-01-18 09:49:00,Lessons learned from 1 year of machine learning. #Python #AI #Tech,907,268,73,19525,563,49190
POST_00328,twitter,2024-01-17 17:10:00,How we grew 3x using data science techniques. #SocialMedia #StartupLife #Python,48,3,4,1935,31,4413
POST_00329,linkedin,2024-01-17 10:50:00,Lessons learned from 1 year of data science. #Python #AI #Productivity,528,38,21,14678,120,46115
POST_00330,twitter,2024-01-17 17:59:00,Why AI is transforming the industry in 2024. #DataScience #Productivity #MachineLearning,401,99,47,5100,169,32971
POST_00331,instagram,2024-01-17 19:46:00,Excited to share our latest work on AI! #ContentMarketing #GrowthHacking #DataScience #SocialMedia #innovation,593,110,49,12071,299,32804
POST_00332,linkedin,2024-01-17 20:22:00,5 tips to improve your brand storytelling strategy today. #Tech #Productivity #DataScience,131,15,8,4288,21,35808
POST_00333,instagram,2024-01-16 20:24:00,5 tips to improve your AI strategy today. #GrowthHacking #Python #Tech #SocialMedia,1442,140,156,21418,681,44141
POST_00334,linkedin,2024-01-16 10:39:00,5 tips to improve your growth hacking strategy today. #GrowthHacking #MachineLearning #Productivity,31,8,1,1647,36,3868
POST_00335,facebook,2024-01-16 09:02:00,Our team just launched a new brand storytelling tool — check it out! #Tech #StartupLife #AI #DataScience,165,46,17,15186,569,40711
POST_00336,twitter,2024-01-16 09:29:00,Big news: we've crossed 10k users with our growth hacking platform. #ContentMarketing #GrowthHacking #AI #Tech,36,4,5,2435,94,35669
POST_00337,instagram,2024-01-16 09:06:00,Our team just launched a new machine learning tool — check it out! #Python #Productivity,286,67,21,12711,110,38357
POST_00338,facebook,2024-01-16 17:43:00,Thread: everything you need to know about machine learning in 2024. #DataScience #Tech,144,43,11,6879,119,34075
POST_00339,linkedin,2024-01-16 17:35:00,Our team just launched a new growth hacking tool — check it out! #ContentMarketing #GrowthHacking #Python,755,85,109,10093,208,25580
POST_00340,twitter,2024-01-16 18:00:00,Excited to share our latest work on product development! #AI #Productivity #DataScience #SocialMedia #innovation,255,32,30,10195,387,20682
POST_00341,instagram,2024-01-15 20:32:00,Why data science is transforming the industry in 2024. #SocialMedia #GrowthHacking,123,13,6,1704,26,10070
POST_00342,instagram,2024-01-15 18:36:00,5 tips to improve your data science strategy today. #GrowthHacking #SocialMedia #DataScience #Python,171,43,11,13563,438,40009
POST_00343,facebook,2024-01-15 17:22:00,Thread: everything you need to know about machine learning in 2024. #Python #AI,10,1,0,850,19,4547
POST_00344,twitter,2024-01-15 12:09:00,Our team just launched a new machine learning tool — check it out! #Tech #Productivity #MachineLearning,198,16,6,5287,132,29307
POST_00345,facebook,2024-01-15 08:35:00,Thread: everything you need to know about product development in 2024. #ContentMarketing #Productivity,98,18,8,5078,141,46735
POST_00346,instagram,2024-01-14 20:39:00,How we grew 3x using social media techniques. #StartupLife #ContentMarketing,347,75,26,21370,367,45874
POST_00347,twitter,2024-01-14 17:22:00,Why product development is transforming the industry in 2024. #GrowthHacking #SocialMedia,141,14,9,2096,66,29866
POST_00348,twitter,2024-01-14 09:07:00,5 tips to improve your social media strategy today. #DataScience #StartupLife #AI #Tech,61,6,5,5302,64,20996
POST_00349,linkedin,2024-01-14 20:48:00,Excited to share our latest work on brand storytelling! #DataScience #AI #ContentMarketing #StartupLife #innovation,67,16,6,2246,15,17741
POST_00350,facebook,2024-01-13 08:04:00,Thread: everything you need to know about product development in 2024. #GrowthHacking #MachineLearning #AI #DataScience,361,82,49,7927,174,16149
POST_00351,instagram,2024-01-13 20:05:00,Our team just launched a new social media tool — check it out! #SocialMedia #Productivity #AI #Tech,295,69,6,6682,193,35695
POST_00352,linkedin,2024-01-13 17:40:00,Excited to share our latest work on social media! #StartupLife #AI #Tech #Python #innovation,459,62,32,17828,174,37368
POST_00353,instagram,2024-01-13 18:33:00,Thread: everything you need to know about machine learning in 2024. #Tech #DataScience,325,60,15,9863,97,21472
POST_00354,instagram,2024-01-13 20:43:00,Why content marketing is transforming the industry in 2024. #Productivity #DataScience #ContentMarketing,1534,198,141,20676,789,44006
POST_00355,linkedin,2024-01-13 09:11:00,Big news: we've crossed 10k users with our content marketing platform. #AI #GrowthHacking #ContentMarketing #Python,781,163,90,11578,119,30032
POST_00356,instagram,2024-01-13 12:06:00,Our team just launched a new content marketing tool — check it out! #Tech #StartupLife,359,50,39,6192,134,40083
POST_00357,facebook,2024-01-13 20:54:00,Lessons learned from 1 year of growth hacking. #ContentMarketing #SocialMedia,31,4,4,1238,46,10012
POST_00358,instagram,2024-01-12 12:47:00,Lessons learned from 1 year of social media. #DataScience #SocialMedia,379,42,27,9040,58,46079
POST_00359,linkedin,2024-01-12 18:46:00,5 tips to improve your machine learning strategy today. #Tech #Productivity #AI #StartupLife,558,150,28,7820,186,30596
POST_00360,facebook,2024-01-12 08:35:00,Thread: everything you need to know about AI in 2024. #StartupLife #SocialMedia,250,22,14,8344,310,20959
POST_00361,instagram,2024-01-12 20:57:00,Why brand storytelling is transforming the industry in 2024. #SocialMedia #MachineLearning #Productivity #Tech,262,24,25,6318,189,26760
POST_00362,facebook,2024-01-12 12:56:00,5 tips to improve your data science strategy today. #GrowthHacking #DataScience #MachineLearning,169,12,18,3119,94,8481
POST_00363,instagram,2024-01-12 20:39:00,Why machine learning is transforming the industry in 2024. #ContentMarketing #AI #DataScience #SocialMedia,115,26,8,5125,81,11624
POST_00364,instagram,2024-01-11 14:40:00,Big news: we've crossed 10k users with our data science platform. #Python #AI,32,5,0,461,16,1800
POST_00365,facebook,2024-01-11 12:13:00,Our team just launched a new brand storytelling tool — check it out! #SocialMedia #MachineLearning #AI,348,88,16,6457,74,36870
POST_00366,linkedin,2024-01-11 08:41:00,How we grew 3x using AI techniques. #AI #StartupLife,19,1,2,486,12,6747
POST_00367,facebook,2024-01-11 20:11:00,How we grew 3x using growth hacking techniques. #MachineLearning #StartupLife,769,184,99,11417,83,25154
POST_00368,twitter,2024-01-11 19:08:00,Our team just launched a new product development tool — check it out! #Productivity #ContentMarketing #Python,156,45,13,3131,25,41111
POST_00369,linkedin,2024-01-11 14:27:00,Lessons learned from 1 year of product development. #Tech #GrowthHacking #DataScience #StartupLife,594,149,80,13256,174,35059
POST_00370,twitter,2024-01-10 12:00:00,Thread: everything you need to know about AI in 2024. #MachineLearning #Python #ContentMarketing,39,8,0,797,9,3981
POST_00371,twitter,2024-01-10 14:16:00,Excited to share our latest work on product development! #Productivity #Tech #GrowthHacking #innovation,102,23,10,3033,18,8460
POST_00372,linkedin,2024-01-10 10:12:00,Why growth hacking is transforming the industry in 2024. #SocialMedia #Tech #AI #GrowthHacking,164,43,22,3904,82,32555
POST_00373,twitter,2024-01-10 18:59:00,How we grew 3x using product development techniques. #GrowthHacking #Productivity #AI #MachineLearning,39,10,2,1928,34,24173
POST_00374,instagram,2024-01-10 20:53:00,Big news: we've crossed 10k users with our machine learning platform. #Tech #MachineLearning,1228,144,38,20588,734,47220
POST_00375,linkedin,2024-01-09 19:53:00,Excited to share our latest work on social media! #StartupLife #DataScience #MachineLearning #Productivity #innovation,269,15,22,6566,147,14244
POST_00376,facebook,2024-01-09 12:21:00,Our team just launched a new product development tool — check it out! #DataScience #MachineLearning #Tech,119,31,4,3221,51,48485
POST_00377,twitter,2024-01-09 08:43:00,Excited to share our latest work on growth hacking! #AI #MachineLearning #StartupLife #innovation,831,85,38,15202,228,38850
POST_00378,facebook,2024-01-09 20:20:00,5 tips to improve your data science strategy today. #DataScience #Tech #StartupLife,47,3,4,961,23,1999
POST_00379,linkedin,2024-01-09 14:09:00,How we grew 3x using social media techniques. #MachineLearning #StartupLife,173,29,18,9093,79,36427
POST_00380,facebook,2024-01-08 09:27:00,How we grew 3x using content marketing techniques. #Tech #SocialMedia #GrowthHacking #DataScience,295,54,43,5185,163,13985
POST_00381,instagram,2024-01-08 19:36:00,Lessons learned from 1 year of data science. #SocialMedia #MachineLearning #Tech #DataScience,126,33,12,4911,181,31837
POST_00382,linkedin,2024-01-08 18:11:00,Lessons learned from 1 year of growth hacking. #SocialMedia #AI #MachineLearning,73,6,8,1748,45,8398
POST_00383,facebook,2024-01-07 20:06:00,Lessons learned from 1 year of data science. #Productivity #MachineLearning #StartupLife,229,25,9,8609,188,27267
POST_00384,instagram,2024-01-07 09:21:00,Why machine learning is transforming the industry in 2024. #Tech #GrowthHacking #Python,963,219,124,15607,140,44424
POST_00385,twitter,2024-01-07 19:20:00,5 tips to improve your brand storytelling strategy today. #StartupLife #ContentMarketing,266,64,18,3977,88,40207
POST_00386,instagram,2024-01-07 08:05:00,Big news: we've crossed 10k users with our content marketing platform. #AI #DataScience #Productivity #Python,358,36,47,8684,134,26557
POST_00387,facebook,2024-01-06 14:58:00,Thread: everything you need to know about growth hacking in 2024. #Tech #AI,58,15,8,4058,20,9359
POST_00388,linkedin,2024-01-06 20:52:00,Thread: everything you need to know about data science in 2024. #AI #Python #ContentMarketing,298,43,27,8107,228,41974
POST_00389,instagram,2024-01-06 19:08:00,Why machine learning is transforming the industry in 2024. #ContentMarketing #DataScience #StartupLife,29,2,3,541,15,9800
POST_00390,instagram,2024-01-06 10:05:00,Lessons learned from 1 year of machine learning. #Tech #ContentMarketing #DataScience,558,81,27,8281,164,34385
POST_00391,facebook,2024-01-06 08:36:00,How we grew 3x using social media techniques. #Productivity #StartupLife #ContentMarketing #Tech,77,17,2,1564,34,3192
POST_00392,linkedin,2024-01-06 09:09:00,Lessons learned from 1 year of brand storytelling. #MachineLearning #Productivity #Tech #SocialMedia,1254,87,128,16244,534,42331
POST_00393,twitter,2024-01-06 14:39:00,Lessons learned from 1 year of growth hacking. #AI #SocialMedia #Productivity #StartupLife,579,167,71,14682,222,38615
POST_00394,linkedin,2024-01-06 08:44:00,Excited to share our latest work on product development! #SocialMedia #DataScience #innovation,1453,299,83,21815,172,44012
POST_00395,linkedin,2024-01-05 09:54:00,Big news: we've crossed 10k users with our product development platform. #Tech #StartupLife,17,1,1,1005,10,17839
POST_00396,instagram,2024-01-05 19:23:00,Excited to share our latest work on product development! #Python #SocialMedia #DataScience #ContentMarketing #innovation,898,178,113,11565,396,23468
POST_00397,facebook,2024-01-05 18:49:00,How we grew 3x using social media techniques. #SocialMedia #DataScience #Python #StartupLife,97,7,4,1545,29,4560
POST_00398,instagram,2024-01-05 14:30:00,Thread: everything you need to know about machine learning in 2024. #ContentMarketing #SocialMedia #StartupLife #MachineLearning,20,2,1,319,7,1777
POST_00399,linkedin,2024-01-05 08:06:00,5 tips to improve your machine learning strategy today. #StartupLife #GrowthHacking #Tech #DataScience,228,55,26,6108,187,17734
POST_00400,linkedin,2024-01-05 12:33:00,5 tips to improve your content marketing strategy today. #Productivity #AI #Tech,19,4,1,419,12,1783
POST_00401,twitter,2024-01-05 14:12:00,5 tips to improve your AI strategy today. #MachineLearning #AI #Python #StartupLife,365,73,25,22801,723,47404
POST_00402,twitter,2024-01-04 10:57:00,Lessons learned from 1 year of content marketing. #StartupLife #SocialMedia #MachineLearning,442,95,53,7572,106,19113
POST_00403,twitter,2024-01-04 09:17:00,Big news: we've crossed 10k users with our machine learning platform. #GrowthHacking #AI #StartupLife,139,39,13,3142,35,12660
POST_00404,instagram,2024-01-04 19:06:00,Lessons learned from 1 year of machine learning. #Tech #MachineLearning,99,6,11,7974,256,47884
POST_00405,facebook,2024-01-04 08:57:00,Why content marketing is transforming the industry in 2024. #AI #Tech #ContentMarketing #DataScience,347,17,38,9301,297,46878
POST_00406,facebook,2024-01-04 19:27:00,Lessons learned from 1 year of data science. #Python #AI #ContentMarketing #GrowthHacking,205,28,22,2729,51,8943
POST_00407,linkedin,2024-01-04 09:23:00,Excited to share our latest work on data science! #StartupLife #Python #DataScience #innovation,281,41,9,9091,264,26176
POST_00408,facebook,2024-01-04 19:05:00,Excited to share our latest work on social media! #AI #Python #innovation,640,94,78,24005,660,48168
POST_00409,facebook,2024-01-04 19:34:00,How we grew 3x using AI techniques. #GrowthHacking #AI,61,15,6,3342,70,48252
POST_00410,instagram,2024-01-03 20:09:00,Excited to share our latest work on data science! #DataScience #SocialMedia #innovation,778,86,81,14608,80,31881
POST_00411,linkedin,2024-01-03 08:57:00,5 tips to improve your data science strategy today. #Tech #DataScience #MachineLearning,153,16,19,2321,46,8482
POST_00412,twitter,2024-01-03 18:20:00,How we grew 3x using content marketing techniques. #Python #AI #DataScience,10,1,1,536,13,5143
POST_00413,twitter,2024-01-03 19:15:00,Why content marketing is transforming the industry in 2024. #Tech #ContentMarketing,14,0,1,902,26,2024
POST_00414,facebook,2024-01-03 14:26:00,Lessons learned from 1 year of content marketing. #DataScience #StartupLife,98,21,9,4414,132,28002
POST_00415,linkedin,2024-01-03 09:40:00,Our team just launched a new growth hacking tool — check it out! #AI #Productivity #Python,336,68,44,4297,169,8700
POST_00416,facebook,2024-01-03 20:14:00,Why social media is transforming the industry in 2024. #AI #Python #MachineLearning,1455,253,59,19726,735,45908
POST_00417,linkedin,2024-01-03 08:41:00,How we grew 3x using product development techniques. #ContentMarketing #StartupLife,1077,65,125,17079,638,41423
POST_00418,twitter,2024-01-02 10:50:00,Lessons learned from 1 year of brand storytelling. #MachineLearning #Tech #Python #GrowthHacking,487,115,66,12386,161,39843
POST_00419,instagram,2024-01-02 09:20:00,Thread: everything you need to know about data science in 2024. #ContentMarketing #Python,65,4,4,1284,16,15461
POST_00420,facebook,2024-01-02 19:11:00,How we grew 3x using growth hacking techniques. #SocialMedia #Python,49,10,1,2632,25,18674
POST_00421,facebook,2024-01-02 19:29:00,Why content marketing is transforming the industry in 2024. #Python #StartupLife #DataScience,1321,94,173,18920,418,38887
POST_00422,facebook,2024-01-01 19:53:00,Our team just launched a new product development tool — check it out! #ContentMarketing #Python,140,39,20,5509,203,22449
POST_00423,twitter,2024-01-01 08:26:00,Thread: everything you need to know about AI in 2024. #Productivity #AI #ContentMarketing,789,58,66,13429,106,32409
POST_00424,facebook,2024-01-01 08:44:00,Our team just launched a new social media tool — check it out! #GrowthHacking #StartupLife,241,52,9,21701,457,43443
POST_00425,facebook,2024-01-01 08:29:00,Lessons learned from 1 year of content marketing. #ContentMarketing #DataScience #GrowthHacking #SocialMedia,1108,74,150,15790,262,47130
POST_00426,linkedin,2023-12-31 14:27:00,How we grew 3x using social media techniques. #MachineLearning #GrowthHacking #AI #StartupLife,15,3,1,437,4,4379
POST_00427,twitter,2023-12-31 20:45:00,5 tips to improve your social media strategy today. #GrowthHacking #Python,874,170,126,11550,142,43535
POST_00428,linkedin,2023-12-31 12:20:00,How we grew 3x using product development techniques. #ContentMarketing #StartupLife #AI #SocialMedia,270,69,21,5990,141,23624
POST_00429,linkedin,2023-12-30 14:28:00,5 tips to improve your data science strategy today. #SocialMedia #MachineLearning,364,105,12,12079,177,26603
POST_00430,instagram,2023-12-30 10:31:00,Why social media is transforming the industry in 2024. #AI #StartupLife #ContentMarketing #GrowthHacking,271,57,15,6604,47,32057
POST_00431,linkedin,2023-12-30 12:53:00,Lessons learned from 1 year of machine learning. #GrowthHacking #Tech #SocialMedia #StartupLife,111,27,4,5794,81,31015
POST_00432,linkedin,2023-12-30 19:23:00,Lessons learned from 1 year of AI. #GrowthHacking #StartupLife,83,15,3,3908,43,11902
POST_00433,instagram,2023-12-30 10:10:00,Lessons learned from 1 year of data science. #GrowthHacking #DataScience,95,21,10,3908,153,18066
POST_00434,facebook,2023-12-30 10:23:00,Lessons learned from 1 year of content marketing. #StartupLife #MachineLearning #AI #Python,375,33,54,5016,120,10527
POST_00435,linkedin,2023-12-30 20:21:00,How we grew 3x using brand storytelling techniques. #Tech #DataScience #SocialMedia,202,12,21,4641,42,46163
POST_00436,instagram,2023-12-29 18:39:00,Our team just launched a new brand storytelling tool — check it out! #MachineLearning #GrowthHacking #AI,728,176,33,11256,89,39235
POST_00437,twitter,2023-12-29 19:43:00,Excited to share our latest work on machine learning! #SocialMedia #GrowthHacking #innovation,193,50,13,9497,171,44697
POST_00438,linkedin,2023-12-29 14:22:00,Lessons learned from 1 year of product development. #Productivity #MachineLearning #Python,1632,199,203,24632,959,49596
POST_00439,twitter,2023-12-28 18:08:00,How we grew 3x using content marketing techniques. #StartupLife #SocialMedia,128,18,2,2505,68,5332
POST_00440,instagram,2023-12-28 14:26:00,Thread: everything you need to know about brand storytelling in 2024. #Tech #DataScience #Python #MachineLearning,77,19,9,5975,93,19970
POST_00441,facebook,2023-12-28 20:47:00,Big news: we've crossed 10k users with our social media platform. #AI #DataScience,678,113,71,9926,359,20671
POST_00442,facebook,2023-12-28 18:11:00,Lessons learned from 1 year of social media. #MachineLearning #StartupLife,60,10,4,1716,24,5372
POST_00443,twitter,2023-12-28 19:44:00,Excited to share our latest work on growth hacking! #Tech #AI #StartupLife #MachineLearning #innovation,146,12,6,2050,29,10577
POST_00444,linkedin,2023-12-28 18:40:00,Our team just launched a new AI tool — check it out! #StartupLife #Productivity #MachineLearning,92,21,8,5584,198,42158
POST_00445,linkedin,2023-12-27 14:17:00,Why data science is transforming the industry in 2024. #Tech #GrowthHacking #DataScience #AI,398,60,55,6174,66,34958
POST_00446,instagram,2023-12-27 12:09:00,Lessons learned from 1 year of social media. #Tech #Productivity #MachineLearning #Python,11,0,0,615,17,6006
POST_00447,facebook,2023-12-27 10:52:00,5 tips to improve your growth hacking strategy today. #StartupLife #AI,98,21,5,1680,20,15572
POST_00448,twitter,2023-12-27 09:27:00,Excited to share our latest work on data science! #SocialMedia #ContentMarketing #innovation,89,15,2,1366,12,13868
POST_00449,twitter,2023-12-27 14:02:00,Our team just launched a new product development tool — check it out! #AI #MachineLearning #Productivity #StartupLife,412,56,13,17997,622,39509
POST_00450,linkedin,2023-12-27 14:37:00,5 tips to improve your growth hacking strategy today. #Productivity #Python,199,36,22,3138,121,7494
POST_00451,twitter,2023-12-27 10:57:00,How we grew 3x using data science techniques. #Productivity #SocialMedia,600,173,26,14737,256,46752
POST_00452,instagram,2023-12-27 18:27:00,Lessons learned from 1 year of social media. #MachineLearning #GrowthHacking #Tech,104,14,5,2336,70,8229
POST_00453,twitter,2023-12-26 17:31:00,Our team just launched a new machine learning tool — check it out! #SocialMedia #StartupLife #Tech,686,107,90,8701,315,37301
POST_00454,linkedin,2023-12-26 19:43:00,Thread: everything you need to know about content marketing in 2024. #SocialMedia #MachineLearning,485,38,34,8472,248,29708
POST_00455,instagram,2023-12-26 09:47:00,Thread: everything you need to know about data science in 2024. #Python #GrowthHacking #Tech,55,9,6,1400,44,9045
POST_00456,facebook,2023-12-25 14:48:00,Big news: we've crossed 10k users with our growth hacking platform. #Tech #ContentMarketing #SocialMedia,74,8,6,4216,113,10658
POST_00457,twitter,2023-12-25 10:01:00,Why AI is transforming the industry in 2024. #SocialMedia #AI,276,34,27,8398,265,26076
POST_00458,facebook,2023-12-25 20:49:00,Lessons learned from 1 year of brand storytelling. #StartupLife #SocialMedia,194,51,17,5717,219,34082
POST_00459,twitter,2023-12-25 08:27:00,Lessons learned from 1 year of machine learning. #GrowthHacking #ContentMarketing #SocialMedia,10,2,0,217,6,3358
POST_00460,instagram,2023-12-25 19:27:00,Lessons learned from 1 year of product development. #ContentMarketing #SocialMedia #MachineLearning #StartupLife,632,105,58,13242,138,44258
POST_00461,linkedin,2023-12-25 08:25:00,Excited to share our latest work on brand storytelling! #ContentMarketing #GrowthHacking #StartupLife #DataScience #innovation,17,2,2,897,22,2844
POST_00462,twitter,2023-12-25 17:24:00,Excited to share our latest work on machine learning! #GrowthHacking #ContentMarketing #Tech #innovation,187,23,5,7089,206,44335
POST_00463,instagram,2023-12-24 09:21:00,Thread: everything you need to know about AI in 2024. #GrowthHacking #AI #SocialMedia #Tech,425,23,34,10766,62,38227
POST_00464,facebook,2023-12-24 17:24:00,Our team just launched a new growth hacking tool — check it out! #MachineLearning #SocialMedia #Tech #GrowthHacking,420,91,17,6295,97,23017
POST_00465,facebook,2023-12-24 18:12:00,Big news: we've crossed 10k users with our data science platform. #Python #StartupLife #Productivity #AI,229,53,7,8909,307,38586
POST_00466,linkedin,2023-12-24 09:37:00,Lessons learned from 1 year of product development. #Tech #Productivity,274,58,16,4185,138,28990
POST_00467,linkedin,2023-12-24 18:42:00,Why social media is transforming the industry in 2024. #ContentMarketing #StartupLife #SocialMedia,34,3,2,737,20,2219
POST_00468,facebook,2023-12-23 19:17:00,Our team just launched a new AI tool — check it out! #Python #GrowthHacking #SocialMedia #MachineLearning,266,69,19,4191,147,10861
POST_00469,instagram,2023-12-23 09:40:00,Our team just launched a new machine learning tool — check it out! #StartupLife #DataScience #Tech,88,5,10,4341,68,27598
POST_00470,facebook,2023-12-23 19:35:00,Why machine learning is transforming the industry in 2024. #AI #Python #DataScience #SocialMedia,31,6,1,483,16,2909
POST_00471,twitter,2023-12-23 19:50:00,5 tips to improve your AI strategy today. #GrowthHacking #StartupLife,715,194,51,12551,431,27673
POST_00472,twitter,2023-12-23 10:15:00,5 tips to improve your data science strategy today. #Tech #Productivity #StartupLife #Python,340,43,43,5311,163,16602
POST_00473,facebook,2023-12-23 12:59:00,Our team just launched a new social media tool — check it out! #MachineLearning #DataScience,130,25,10,4705,85,18992
POST_00474,facebook,2023-12-23 09:20:00,Lessons learned from 1 year of brand storytelling. #Python #StartupLife #DataScience #SocialMedia,325,68,44,10322,64,47902
POST_00475,instagram,2023-12-23 08:44:00,5 tips to improve your product development strategy today. #ContentMarketing #StartupLife #GrowthHacking #Tech,1111,163,153,15868,297,36055
POST_00476,instagram,2023-12-22 14:05:00,How we grew 3x using product development techniques. #DataScience #SocialMedia,124,33,15,10065,381,43233
POST_00477,facebook,2023-12-22 19:47:00,Big news: we've crossed 10k users with our growth hacking platform. #ContentMarketing #MachineLearning #DataScience #GrowthHacking,107,24,9,2730,44,34183
POST_00478,twitter,2023-12-22 08:48:00,Our team just launched a new content marketing tool — check it out! #SocialMedia #DataScience #AI #Python,397,30,20,7907,237,42176
POST_00479,facebook,2023-12-22 10:54:00,Why growth hacking is transforming the industry in 2024. #SocialMedia #DataScience #StartupLife,480,57,14,14592,260,46053
POST_00480,facebook,2023-12-22 18:56:00,Our team just launched a new social media tool — check it out! #AI #Productivity,79,17,3,3335,63,6831
POST_00481,twitter,2023-12-21 14:09:00,Excited to share our latest work on growth hacking! #Tech #MachineLearning #innovation,884,249,112,13784,307,48093
POST_00482,instagram,2023-12-21 12:45:00,Why social media is transforming the industry in 2024. #StartupLife #SocialMedia #ContentMarketing,662,197,37,12741,365,29266
POST_00483,facebook,2023-12-21 18:11:00,Our team just launched a new content marketing tool — check it out! #StartupLife #Tech,287,56,29,10491,83,41480
POST_00484,linkedin,2023-12-21 19:08:00,Big news: we've crossed 10k users with our machine learning platform. #Python #ContentMarketing #Productivity #GrowthHacking,7,0,0,537,19,5787
POST_00485,linkedin,2023-12-21 08:00:00,Excited to share our latest work on machine learning! #ContentMarketing #GrowthHacking #DataScience #innovation,111,19,7,5103,109,39042
POST_00486,facebook,2023-12-21 09:20:00,Why content marketing is transforming the industry in 2024. #MachineLearning #GrowthHacking #AI,1020,241,143,14911,222,33716
POST_00487,linkedin,2023-12-20 14:33:00,Why machine learning is transforming the industry in 2024. #GrowthHacking #SocialMedia,909,226,24,16233,165,37416
POST_00488,twitter,2023-12-20 12:11:00,5 tips to improve your brand storytelling strategy today. #DataScience #SocialMedia #ContentMarketing,79,17,6,2285,50,33434
POST_00489,linkedin,2023-12-20 10:07:00,Why data science is transforming the industry in 2024. #StartupLife #DataScience,713,153,33,14428,576,34340
POST_00490,instagram,2023-12-20 08:33:00,5 tips to improve your machine learning strategy today. #Python #SocialMedia,80,17,5,1390,35,22538
POST_00491,linkedin,2023-12-20 09:53:00,Lessons learned from 1 year of content marketing. #MachineLearning #SocialMedia,295,63,18,10234,66,30756
POST_00492,instagram,2023-12-19 19:20:00,Excited to share our latest work on social media! #StartupLife #GrowthHacking #innovation,311,45,22,4070,45,49745
POST_00493,twitter,2023-12-19 18:05:00,Big news: we've crossed 10k users with our social media platform. #ContentMarketing #Tech,941,75,78,16872,339,43412
POST_00494,instagram,2023-12-19 14:57:00,Lessons learned from 1 year of growth hacking. #MachineLearning #GrowthHacking #Python #SocialMedia,345,53,40,6988,233,26433
POST_00495,facebook,2023-12-19 10:27:00,Lessons learned from 1 year of data science. #Productivity #GrowthHacking,396,35,33,6840,184,45331
POST_00496,linkedin,2023-12-19 20:05:00,Why brand storytelling is transforming the industry in 2024. #MachineLearning #SocialMedia #StartupLife,104,11,7,3355,83,9374
POST_00497,twitter,2023-12-19 20:04:00,Big news: we've crossed 10k users with our data science platform. #ContentMarketing #Tech #MachineLearning #Python,62,10,2,4001,112,24295
POST_00498,instagram,2023-12-19 10:50:00,Big news: we've crossed 10k users with our machine learning platform. #MachineLearning #ContentMarketing,283,61,28,6779,96,21574
